Workbook

Sheet Motion Profile
B2: Time [s] | C2: Revolution speed RPM | E2: Time [s] | F2: Angle Abs [Deg] | G2: Angle Rotor 1 [Deg] | H2: Angle Rotor 2 [Deg]
B3: 0 | C3: 0 | E3: 0 | F3: 0 | G3: =F3+9 -> 9 | H3: =G3*-1 -> -9
B4: 0.004166667 | C4: -280 | E4: 0.0006666667 | F4: -0.089600002 | G4: =F4+9 -> 8.9104 | H4: =G4*-1 -> -8.9104
B5: 0.0125 | C5: -200 | E5: 0.0013333334 | F5: -0.35840001 | G5: =F5+9 -> 8.6416 | H5: =G5*-1 -> -8.6416
B6: 0.01666667 | C6: 0 | E6: 0.0020000001 | F6: -0.80640002 | G6: =F6+9 -> 8.1936 | H6: =G6*-1 -> -8.1936
B7: 0.02083333 | C7: 280 | E7: 0.0026666668 | F7: -1.4336 | G7: =F7+9 -> 7.5664 | H7: =G7*-1 -> -7.5664
B8: 0.02916667 | C8: 200 | E8: 0.0033333335 | F8: -2.24 | G8: =F8+9 -> 6.76 | H8: =G8*-1 -> -6.76
B9: 0.0333333 | C9: 0 | E9: 0.0040000002 | F9: -3.2256001 | G9: =F9+9 -> 5.7743999 | H9: =G9*-1 -> -5.7743999
B10: 0.0375 | C10: -280 | E10: 0.0046666669 | F10: -4.3328001 | G10: =F10+9 -> 4.6671999 | H10: =G10*-1 -> -4.6671999
B11: 0.04583333 | C11: -200 | E11: 0.0053333336 | F11: -5.4208002 | G11: =F11+9 -> 3.5791998 | H11: =G11*-1 -> -3.5791998
B12: 0.05 | C12: 0 | E12: 0.0060000003 | F12: -6.4832002 | G12: =F12+9 -> 2.5167998 | H12: =G12*-1 -> -2.5167998
B13: 0.05416667 | C13: 280 | E13: 0.006666667 | F13: -7.5200003 | G13: =F13+9 -> 1.4799997 | H13: =G13*-1 -> -1.4799997
B14: 0.0625 | C14: 200 | E14: 0.0073333337 | F14: -8.5312003 | G14: =F14+9 -> 0.46879968 | H14: =G14*-1 -> -0.46879968
B15: 0.0666667 | C15: 0 | E15: 0.0080000004 | F15: -9.5168004 | G15: =F15+9 -> -0.51680036 | H15: =G15*-1 -> 0.51680036
E16: 0.0086666671 | F16: -10.4768 | G16: =F16+9 -> -1.4768004 | H16: =G16*-1 -> 1.4768004
E17: 0.0093333338 | F17: -11.4112 | G17: =F17+9 -> -2.4112004 | H17: =G17*-1 -> 2.4112004
E18: 0.01 | F18: -12.32 | G18: =F18+9 -> -3.3200005 | H18: =G18*-1 -> 3.3200005
E19: 0.010666667 | F19: -13.2032 | G19: =F19+9 -> -4.2032005 | H19: =G19*-1 -> 4.2032005
E20: 0.011333334 | F20: -14.060801 | G20: =F20+9 -> -5.0608005 | H20: =G20*-1 -> 5.0608005
E21: 0.012000001 | F21: -14.892801 | G21: =F21+9 -> -5.8928005 | H21: =G21*-1 -> 5.8928005
E22: 0.012666667 | F22: -15.696001 | G22: =F22+9 -> -6.6960005 | H22: =G22*-1 -> 6.6960005
E23: 0.013333334 | F23: -16.400001 | G23: =F23+9 -> -7.4000005 | H23: =G23*-1 -> 7.4000005
E24: 0.014000001 | F24: -16.976001 | G24: =F24+9 -> -7.9760006 | H24: =G24*-1 -> 7.9760006
E25: 0.014666667 | F25: -17.424001 | G25: =F25+9 -> -8.4240008 | H25: =G25*-1 -> 8.4240008
E26: 0.015333334 | F26: -17.744001 | G26: =F26+9 -> -8.744001 | H26: =G26*-1 -> 8.744001
E27: 0.016000001 | F27: -17.936001 | G27: =F27+9 -> -8.9360014 | H27: =G27*-1 -> 8.9360014
... E103: 0.06666667 | F103: -3.9600988e-05 | G103: =F103+9 -> 8.9999604 | H103: =G103*-1 -> -8.9999604

Sheet No Load
B2: Time [s] | C2: Angle [Deg] | D2: Torque [Nm] | E2: Voltage [V] | G2: Torque Rotor 1 [Nm]
B3: 0 | C3: ='Motion Profile'!G3 -> 9 | D3: -512.6649 | E3: 2.5560905e-06 | G3: =D3/2 -> -256.33245
B4: 0.0006666667 | C4: ='Motion Profile'!G4 -> 8.9104 | D4: -492.7949 | E4: -8.2790128 | G4: =D4/2 -> -246.39745
B5: 0.0013333334 | C5: ='Motion Profile'!G5 -> 8.6416 | D5: -423.49267 | E5: -21.285975 | G5: =D5/2 -> -211.74633
B6: 0.0020000001 | C6: ='Motion Profile'!G6 -> 8.1936 | D6: -275.61818 | E6: -23.975119 | G6: =D6/2 -> -137.80909
B7: 0.0026666668 | C7: ='Motion Profile'!G7 -> 7.5664 | D7: -15.377401 | E7: -12.773702 | G7: =D7/2 -> -7.6887007
B8: 0.0033333335 | C8: ='Motion Profile'!G8 -> 6.76 | D8: 316.50979 | E8: 18.650795 | G8: =D8/2 -> 158.2549
B9: 0.0040000002 | C9: ='Motion Profile'!G9 -> 5.7743999 | D9: 588.99772 | E9: 60.614161 | G9: =D9/2 -> 294.49886
B10: 0.0046666669 | C10: ='Motion Profile'!G10 -> 4.6671999 | D10: 620.44078 | E10: 138.80323 | G10: =D10/2 -> 310.22039
B11: 0.0053333336 | C11: ='Motion Profile'!G11 -> 3.5791998 | D11: 444.5022 | E11: 206.96327 | G11: =D11/2 -> 222.2511
B12: 0.0060000003 | C12: ='Motion Profile'!G12 -> 2.5167998 | D12: 254.15374 | E12: 236.08471 | G12: =D12/2 -> 127.07687
B13: 0.006666667 | C13: ='Motion Profile'!G13 -> 1.4799997 | D13: 122.97281 | E13: 241.57036 | G13: =D13/2 -> 61.486404
B14: 0.0073333337 | C14: ='Motion Profile'!G14 -> 0.46879968 | D14: 31.109421 | E14: 240.95523 | G14: =D14/2 -> 15.554711
... B103: 0.06666667 | C103: ='Motion Profile'!G103 -> 8.9999604 | D103: -400.32876 | E103: 35.286778 | G103: =D103/2 -> -200.16438

Sheet 10 Ohm
B2: Time [s] | C2: Angle [Deg] | D2: Torque [Nm] | E2: Voltage [V] | F2: El. Power [W] | H2: Torque Rotor 1 [Nm]
B3: 0 | C3: ='Motion Profile'!G3 -> 9 | D3: -512.6649 | E3: 2.5157885e-06 | F3: 2.1097305e-13 | H3: =D3/2 -> -256.33245
B4: 0.0006666667 | C4: ='Motion Profile'!G4 -> 8.9104 | D4: -491.22557 | E4: -5.5987053 | F4: 1.0448496 | H4: =D4/2 -> -245.61278
B5: 0.0013333334 | C5: ='Motion Profile'!G5 -> 8.6416 | D5: -419.86372 | E5: -16.28394 | F5: 12.922706 | H5: =D5/2 -> -209.93186
B6: 0.0020000001 | C6: ='Motion Profile'!G6 -> 8.1936 | D6: -272.84124 | E6: -21.602309 | F6: 36.119905 | H6: =D6/2 -> -136.42062
B7: 0.0026666668 | C7: ='Motion Profile'!G7 -> 7.5664 | D7: -15.220382 | E7: -15.395177 | F7: 34.54142 | H7: =D7/2 -> -7.6101911
B8: 0.0033333335 | C8: ='Motion Profile'!G8 -> 6.76 | D8: 317.68469 | E8: 8.6859442 | F8: 5.9578487 | H8: =D8/2 -> 158.84234
B9: 0.0040000002 | C9: ='Motion Profile'!G9 -> 5.7743999 | D9: 603.84753 | E9: 43.161096 | F9: 77.107358 | H9: =D9/2 -> 301.92376
B10: 0.0046666669 | C10: ='Motion Profile'!G10 -> 4.6671999 | D10: 682.47736 | E10: 102.76311 | F10: 561.95016 | H10: =D10/2 -> 341.23868
B11: 0.0053333336 | C11: ='Motion Profile'!G11 -> 3.5791998 | D11: 577.68285 | E11: 165.17168 | F11: 1827.1832 | H11: =D11/2 -> 288.84142
B12: 0.0060000003 | C12: ='Motion Profile'!G12 -> 2.5167998 | D12: 434.97034 | E12: 207.99514 | F12: 3496.619 | H12: =D12/2 -> 217.48517
B13: 0.006666667 | C13: ='Motion Profile'!G13 -> 1.4799997 | D13: 328.37624 | E13: 227.26663 | F13: 4739.4151 | H13: =D13/2 -> 164.18812
B14: 0.0073333337 | C14: ='Motion Profile'!G14 -> 0.46879968 | D14: 244.61418 | E14: 233.7692 | F14: 5314.2033 | H14: =D14/2 -> 122.30709
... B53: 0.033333335 | C53: ='Motion Profile'!G53 -> 8.9999802 | D53: -398.21776 | E53: 31.978156 | F53: 59.868081 | H53: =D53/2 -> -199.10888
B54: 0.034000002 | C54: ='Motion Profile'!G54 -> 8.9103708
B55: 0.034666668 | C55: ='Motion Profile'!G55 -> 8.6415614
B56: 0.035333335 | C56: ='Motion Profile'!G56 -> 8.193552
B57: 0.036000002 | C57: ='Motion Profile'!G57 -> 7.5663425
B58: 0.036666668 | C58: ='Motion Profile'!G58 -> 6.7599331
B59: 0.037333335 | C59: ='Motion Profile'!G59 -> 5.7743237
B60: 0.038000002 | C60: ='Motion Profile'!G60 -> 4.6671223
B61: 0.038666669 | C61: ='Motion Profile'!G61 -> 3.5791236
B62: 0.039333335 | C62: ='Motion Profile'!G62 -> 2.5167249
B63: 0.040000002 | C63: ='Motion Profile'!G63 -> 1.4799262
B64: 0.040666669 | C64: ='Motion Profile'!G64 -> 0.46872747
B65: 0.041333335 | C65: ='Motion Profile'!G65 -> -0.51687123
... B103: 0.06666667 | C103: ='Motion Profile'!G103 -> 8.9999604

Sheet 5 Ohm
B2: Time [s] | C2: Angle [Deg] | D2: Torque [Nm] | E2: Voltage [V] | F2: El. Power [W] | H2: Torque Rotor 1 [Nm]
B3: 0 | C3: ='Motion Profile'!G3 -> 9 | D3: -512.66486 | E3: -1.0354927e-07 | F3: 7.1483009e-16 | H3: =D3/2 -> -256.33243
B4: 0.0006666667 | C4: ='Motion Profile'!G4 -> 8.9104 | D4: -490.42122 | E4: -4.2283543 | F4: 1.191932 | H4: =D4/2 -> -245.21061
B5: 0.0013333334 | C5: ='Motion Profile'!G5 -> 8.6416 | D5: -417.66431 | E5: -13.028871 | F5: 16.181409 | H5: =D5/2 -> -208.83215
B6: 0.0020000001 | C6: ='Motion Profile'!G6 -> 8.1936 | D6: -270.74982 | E6: -18.801927 | F6: 51.215454 | H6: =D6/2 -> -135.37491
B7: 0.0026666668 | C7: ='Motion Profile'!G7 -> 7.5664 | D7: -15.063854 | E7: -15.532043 | F7: 59.119278 | H7: =D7/2 -> -7.5319271
B8: 0.0033333335 | C8: ='Motion Profile'!G8 -> 6.76 | D8: 317.40761 | E8: 3.3189362 | F8: 13.380656 | H8: =D8/2 -> 158.70381
B9: 0.0040000002 | C9: ='Motion Profile'!G9 -> 5.7743999 | D9: 610.95747 | E9: 32.099982 | F9: 76.530799 | H9: =D9/2 -> 305.47874
B10: 0.0046666669 | C10: ='Motion Profile'!G10 -> 4.6671999 | D10: 717.06824 | E10: 80.888058 | F10: 677.98613 | H10: =D10/2 -> 358.53412
B11: 0.0053333336 | C11: ='Motion Profile'!G11 -> 3.5791998 | D11: 661.54599 | E11: 135.23246 | F11: 2384.6259 | H11: =D11/2 -> 330.773
B12: 0.0060000003 | C12: ='Motion Profile'!G12 -> 2.5167998 | D12: 566.29366 | E12: 179.34517 | F12: 4980.3866 | H12: =D12/2 -> 283.14683
B13: 0.006666667 | C13: ='Motion Profile'!G13 -> 1.4799997 | D13: 495.39292 | E13: 205.49304 | F13: 7416.4175 | H13: =D13/2 -> 247.69646
B14: 0.0073333337 | C14: ='Motion Profile'!G14 -> 0.46879968 | D14: 432.08078 | E14: 219.01595 | F14: 9013.442 | H14: =D14/2 -> 216.04039
... B53: 0.033333335 | C53: ='Motion Profile'!G53 -> 8.9999802 | D53: -384.77317 | E53: 27.810712 | F53: 87.505787 | H53: =D53/2 -> -192.38659
B54: 0.034000002 | C54: ='Motion Profile'!G54 -> 8.9103708
B55: 0.034666668 | C55: ='Motion Profile'!G55 -> 8.6415614
B56: 0.035333335 | C56: ='Motion Profile'!G56 -> 8.193552
B57: 0.036000002 | C57: ='Motion Profile'!G57 -> 7.5663425
B58: 0.036666668 | C58: ='Motion Profile'!G58 -> 6.7599331
B59: 0.037333335 | C59: ='Motion Profile'!G59 -> 5.7743237
B60: 0.038000002 | C60: ='Motion Profile'!G60 -> 4.6671223
B61: 0.038666669 | C61: ='Motion Profile'!G61 -> 3.5791236
B62: 0.039333335 | C62: ='Motion Profile'!G62 -> 2.5167249
B63: 0.040000002 | C63: ='Motion Profile'!G63 -> 1.4799262
B64: 0.040666669 | C64: ='Motion Profile'!G64 -> 0.46872747
B65: 0.041333335 | C65: ='Motion Profile'!G65 -> -0.51687123
... B103: 0.06666667 | C103: ='Motion Profile'!G103 -> 8.9999604

Sheet 2 Ohm
B2: Time [s] | C2: Angle [Deg] | D2: Torque [Nm] | E2: Voltage [V] | F2: El. Power [W] | H2: Torque Rotor 1 [Nm]
B3: 0 | C3: ='Motion Profile'!G3 -> 9 | D3: -512.66391 | E3: 8.3073374e-06 | F3: 1.1501976e-11 | H3: =D3/2 -> -256.33196
B4: 0.0006666667 | C4: ='Motion Profile'!G4 -> 8.9104 | D4: -489.37285 | E4: -2.4372421 | F4: 0.99002148 | H4: =D4/2 -> -244.68642
B5: 0.0013333334 | C5: ='Motion Profile'!G5 -> 8.6416 | D5: -414.42187 | E5: -8.0555885 | F5: 15.077679 | H5: =D5/2 -> -207.21093
B6: 0.0020000001 | C6: ='Motion Profile'!G6 -> 8.1936 | D6: -267.11354 | E6: -12.937966 | F6: 56.084399 | H6: =D6/2 -> -133.55677
B7: 0.0026666668 | C7: ='Motion Profile'!G7 -> 7.5664 | D7: -14.70612 | E7: -12.843127 | F7: 83.083466 | H7: =D7/2 -> -7.35306
B8: 0.0033333335 | C8: ='Motion Profile'!G8 -> 6.76 | D8: 314.98293 | E8: -2.2360968 | F8: 33.110751 | H8: =D8/2 -> 157.49146
B9: 0.0040000002 | C9: ='Motion Profile'!G9 -> 5.7743999 | D9: 616.68853 | E9: 16.270614 | F9: 38.891722 | H9: =D9/2 -> 308.34426
B10: 0.0046666669 | C10: ='Motion Profile'!G10 -> 4.6671999 | D10: 761.43522 | E10: 47.909284 | F10: 556.59097 | H10: =D10/2 -> 380.71761
B11: 0.0053333336 | C11: ='Motion Profile'!G11 -> 3.5791998 | D11: 784.97487 | E11: 85.611165 | F11: 2287.6901 | H11: =D11/2 -> 392.48744
B12: 0.0060000003 | C12: ='Motion Profile'!G12 -> 2.5167998 | D12: 785.39541 | E12: 121.77695 | F12: 5430.727 | H12: =D12/2 -> 392.69771
B13: 0.006666667 | C13: ='Motion Profile'!G13 -> 1.4799997 | D13: 803.69857 | E13: 149.94133 | F13: 9261.9043 | H13: =D13/2 -> 401.84928
B14: 0.0073333337 | C14: ='Motion Profile'!G14 -> 0.46879968 | D14: 811.99341 | E14: 170.02548 | F14: 12814.152 | H14: =D14/2 -> 405.99671
... B53: 0.033333335 | C53: ='Motion Profile'!G53 -> 8.9999802 | D53: -431.50598 | E53: 3.611207 | F53: 6.2494044 | H53: =D53/2 -> -215.75299
B54: 0.034000002 | C54: ='Motion Profile'!G54 -> 8.9103708
B55: 0.034666668 | C55: ='Motion Profile'!G55 -> 8.6415614
B56: 0.035333335 | C56: ='Motion Profile'!G56 -> 8.193552
B57: 0.036000002 | C57: ='Motion Profile'!G57 -> 7.5663425
B58: 0.036666668 | C58: ='Motion Profile'!G58 -> 6.7599331
B59: 0.037333335 | C59: ='Motion Profile'!G59 -> 5.7743237
B60: 0.038000002 | C60: ='Motion Profile'!G60 -> 4.6671223
B61: 0.038666669 | C61: ='Motion Profile'!G61 -> 3.5791236
B62: 0.039333335 | C62: ='Motion Profile'!G62 -> 2.5167249
B63: 0.040000002 | C63: ='Motion Profile'!G63 -> 1.4799262
B64: 0.040666669 | C64: ='Motion Profile'!G64 -> 0.46872747
B65: 0.041333335 | C65: ='Motion Profile'!G65 -> -0.51687123
... B103: 0.06666667 | C103: ='Motion Profile'!G103 -> 8.9999604

Sheet 1 Ohm
B2: Time [s] | C2: Angle [Deg] | D2: Torque [Nm] | E2: Voltage [V] | F2: El. Power [W] | H2: Torque Rotor 1 [Nm]
B3: 0 | C3: ='Motion Profile'!G3 -> 9 | D3: -512.6649 | E3: 1.8905035e-06 | F3: 1.1913344e-12 | H3: =D3/2 -> -256.33245
B4: 0.0006666667 | C4: ='Motion Profile'!G4 -> 8.9104 | D4: -488.77896 | E4: -1.4289257 | F4: 0.68060861 | H4: =D4/2 -> -244.38948
B5: 0.0013333334 | C5: ='Motion Profile'!G5 -> 8.6416 | D5: -412.41194 | E5: -4.9000931 | F5: 11.018203 | H5: =D5/2 -> -206.20597
B6: 0.0020000001 | C6: ='Motion Profile'!G6 -> 8.1936 | D6: -264.54808 | E6: -8.3392264 | F6: 44.805532 | H6: =D6/2 -> -132.27404
B7: 0.0026666668 | C7: ='Motion Profile'!G7 -> 7.5664 | D7: -14.40791 | E7: -9.1114478 | F7: 76.181202 | H7: =D7/2 -> -7.203955
B8: 0.0033333335 | C8: ='Motion Profile'!G8 -> 6.76 | D8: 311.87811 | E8: -3.3515524 | F8: 41.596293 | H8: =D8/2 -> 155.93905
B9: 0.0040000002 | C9: ='Motion Profile'!G9 -> 5.7743999 | D9: 615.85756 | E9: 7.8860983 | F9: 15.664259 | H9: =D9/2 -> 307.92878
B10: 0.0046666669 | C10: ='Motion Profile'!G10 -> 4.6671999 | D10: 782.02813 | E10: 27.65417 | F10: 348.34239 | H10: =D10/2 -> 391.01406
B11: 0.0053333336 | C11: ='Motion Profile'!G11 -> 3.5791998 | D11: 856.72143 | E11: 52.192406 | F11: 1644.046 | H11: =D11/2 -> 428.36072
B12: 0.0060000003 | C12: ='Motion Profile'!G12 -> 2.5167998 | D12: 930.66551 | E12: 77.528216 | F12: 4260.3518 | H12: =D12/2 -> 465.33276
B13: 0.006666667 | C13: ='Motion Profile'!G13 -> 1.4799997 | D13: 1028.6185 | E13: 99.823502 | F13: 7904.8312 | H13: =D13/2 -> 514.30923
B14: 0.0073333337 | C14: ='Motion Profile'!G14 -> 0.46879968 | D14: 1114.2808 | E14: 117.82351 | F14: 11869.555 | H14: =D14/2 -> 557.14039
... B103: 0.06666667 | C103: ='Motion Profile'!G103 -> 8.9999604 | D103: -370.57092 | E103: -24.903934 | F103: 963.28933 | H103: =D103/2 -> -185.28546

Sheet 0.5 Ohm
B2: Time [s] | C2: Angle [Deg] | D2: Torque [Nm] | E2: Voltage [V] | F2: El. Power [W] | H2: Torque Rotor 1 [Nm]
B3: 0 | C3: ='Motion Profile'!G3 -> 9 | D3: -512.6649 | E3: 1.6091166e-06 | F3: 1.7261708e-12 | H3: =D3/2 -> -256.33245
B4: 0.0006666667 | C4: ='Motion Profile'!G4 -> 8.9104 | D4: -488.39978 | E4: -0.78163636 | F4: 0.40730277 | H4: =D4/2 -> -244.19989
B5: 0.0013333334 | C5: ='Motion Profile'!G5 -> 8.6416 | D5: -411.05385 | E5: -2.742455 | F5: 6.8504117 | H5: =D5/2 -> -205.52692
B6: 0.0020000001 | C6: ='Motion Profile'!G6 -> 8.1936 | D6: -262.6814 | E6: -4.8374645 | F6: 29.459101 | H6: =D6/2 -> -131.3407
B7: 0.0026666668 | C7: ='Motion Profile'!G7 -> 7.5664 | D7: -14.166543 | E7: -5.6074715 | F7: 54.647163 | H7: =D7/2 -> -7.0832717
B8: 0.0033333335 | C8: ='Motion Profile'!G8 -> 6.76 | D8: 308.92935 | E8: -2.7170507 | F8: 36.041258 | H8: =D8/2 -> 154.46468
B9: 0.0040000002 | C9: ='Motion Profile'!G9 -> 5.7743999 | D9: 612.67624 | E9: 3.4622277 | F9: 6.6415581 | H9: =D9/2 -> 306.33812
B10: 0.0046666669 | C10: ='Motion Profile'!G10 -> 4.6671999 | D10: 791.26836 | E10: 14.665973 | F10: 185.23649 | H10: =D10/2 -> 395.63418
B11: 0.0053333336 | C11: ='Motion Profile'!G11 -> 3.5791998 | D11: 900.23827 | E11: 28.993904 | F11: 987.30737 | H11: =D11/2 -> 450.11913
B12: 0.0060000003 | C12: ='Motion Profile'!G12 -> 2.5167998 | D12: 1028.771 | E12: 44.441211 | F12: 2736.1279 | H12: =D12/2 -> 514.38551
B13: 0.006666667 | C13: ='Motion Profile'!G13 -> 1.4799997 | D13: 1191.3151 | E13: 58.949144 | F13: 5379.8628 | H13: =D13/2 -> 595.65757
B14: 0.0073333337 | C14: ='Motion Profile'!G14 -> 0.46879968 | D14: 1344.4059 | E14: 71.502663 | F14: 8535.1021 | H14: =D14/2 -> 672.20296
... B53: 0.033333335 | C53: ='Motion Profile'!G53 -> 8.9999802 | D53: -159.57135 | E53: -35.793762 | F53: 3431.6789 | H53: =D53/2 -> -79.785675
B54: 0.034000002 | C54: ='Motion Profile'!G54 -> 8.9103708
B55: 0.034666668 | C55: ='Motion Profile'!G55 -> 8.6415614
B56: 0.035333335 | C56: ='Motion Profile'!G56 -> 8.193552
B57: 0.036000002 | C57: ='Motion Profile'!G57 -> 7.5663425
B58: 0.036666668 | C58: ='Motion Profile'!G58 -> 6.7599331
B59: 0.037333335 | C59: ='Motion Profile'!G59 -> 5.7743237
B60: 0.038000002 | C60: ='Motion Profile'!G60 -> 4.6671223
B61: 0.038666669 | C61: ='Motion Profile'!G61 -> 3.5791236
B62: 0.039333335 | C62: ='Motion Profile'!G62 -> 2.5167249
B63: 0.040000002 | C63: ='Motion Profile'!G63 -> 1.4799262
B64: 0.040666669 | C64: ='Motion Profile'!G64 -> 0.46872747
B65: 0.041333335 | C65: ='Motion Profile'!G65 -> -0.51687123
... B103: 0.06666667 | C103: ='Motion Profile'!G103 -> 8.9999604

Sheet 0.3 Ohm
B2: Time [s] | C2: Angle [Deg] | D2: Torque [Nm] | E2: Voltage [V] | F2: El. Power [W] | H2: Torque Rotor 1 [Nm]
B3: 0 | C3: ='Motion Profile'!G3 -> 9 | D3: -512.66406 | E3: 5.442021e-06 | F3: 3.2906214e-11 | H3: =D3/2 -> -256.33203
B4: 0.0006666667 | C4: ='Motion Profile'!G4 -> 8.9104 | D4: -488.22774 | E4: -0.48734726 | F4: 0.26389411 | H4: =D4/2 -> -244.11387
B5: 0.0013333334 | C5: ='Motion Profile'!G5 -> 8.6416 | D5: -410.41924 | E5: -1.7272285 | F5: 4.5139841 | H5: =D5/2 -> -205.20962
B6: 0.0020000001 | C6: ='Motion Profile'!G6 -> 8.1936 | D6: -261.77002 | E6: -3.0954635 | F6: 19.901983 | H6: =D6/2 -> -130.88501
B7: 0.0026666668 | C7: ='Motion Profile'!G7 -> 7.5664 | D7: -14.043589 | E7: -3.6830683 | F7: 38.386322 | H7: =D7/2 -> -7.0217947
B8: 0.0033333335 | C8: ='Motion Profile'!G8 -> 6.76 | D8: 307.28314 | E8: -1.9727725 | F8: 27.469644 | H8: =D8/2 -> 153.64157
B9: 0.0040000002 | C9: ='Motion Profile'!G9 -> 5.7743999 | D9: 610.30111 | E9: 1.8678098 | F9: 4.1064234 | H9: =D9/2 -> 305.15055
B10: 0.0046666669 | C10: ='Motion Profile'!G10 -> 4.6671999 | D10: 793.92557 | E10: 8.9453819 | F10: 111.35205 | H10: =D10/2 -> 396.96279
B11: 0.0053333336 | C11: ='Motion Profile'!G11 -> 3.5791998 | D11: 918.52633 | E11: 18.134453 | F11: 634.55319 | H11: =D11/2 -> 459.26316
B12: 0.0060000003 | C12: ='Motion Profile'!G12 -> 2.5167998 | D12: 1073.5814 | E12: 28.236188 | F12: 1820.2095 | H12: =D12/2 -> 536.7907
B13: 0.006666667 | C13: ='Motion Profile'!G13 -> 1.4799997 | D13: 1269.196 | E13: 37.981533 | F13: 3680.3698 | H13: =D13/2 -> 634.59801
B14: 0.0073333337 | C14: ='Motion Profile'!G14 -> 0.46879968 | D14: 1457.8424 | E14: 46.66458 | F14: 5991.7469 | H14: =D14/2 -> 728.92122
... B53: 0.033333335 | C53: ='Motion Profile'!G53 -> 8.9999802 | D53: -70.465408 | E53: -34.08004 | F53: 4363.9766 | H53: =D53/2 -> -35.232704
B54: 0.034000002 | C54: ='Motion Profile'!G54 -> 8.9103708
B55: 0.034666668 | C55: ='Motion Profile'!G55 -> 8.6415614
B56: 0.035333335 | C56: ='Motion Profile'!G56 -> 8.193552
B57: 0.036000002 | C57: ='Motion Profile'!G57 -> 7.5663425
B58: 0.036666668 | C58: ='Motion Profile'!G58 -> 6.7599331
B59: 0.037333335 | C59: ='Motion Profile'!G59 -> 5.7743237
B60: 0.038000002 | C60: ='Motion Profile'!G60 -> 4.6671223
B61: 0.038666669 | C61: ='Motion Profile'!G61 -> 3.5791236
B62: 0.039333335 | C62: ='Motion Profile'!G62 -> 2.5167249
B63: 0.040000002 | C63: ='Motion Profile'!G63 -> 1.4799262
B64: 0.040666669 | C64: ='Motion Profile'!G64 -> 0.46872747
B65: 0.041333335 | C65: ='Motion Profile'!G65 -> -0.51687123
... B103: 0.06666667 | C103: ='Motion Profile'!G103 -> 8.9999604

Sheet Motor Mode
B2: Rotor Position -9°
B4: Current [A] | C4: Torque [Nm]
B5: 0 | C5: -599
B6: 50 | C6: -197
B7: 100 | C7: 230
B8: 150 | C8: 654
B9: 200 | C9: 1014
B10: 250 | C10: 1250
B11: 300 | C11: 1439
B12: 350 | C12: 1560
B13: 400 | C13: 1647
